team,group,match1_opponent,match1_p_win,match1_p_draw,match1_p_loss,match2_opponent,match2_p_win,match2_p_draw,match2_p_loss,match3_opponent,match3_p_win,match3_p_draw,match3_p_loss,p_exit_group_stage,p_exit_round_of_32,p_exit_round_of_16,p_exit_quarter_final,p_exit_semi_final,p_exit_runner_up,p_exit_winner
Algeria,Group J,Argentina,0.0,0.0,1.0,Jordan,1.0,0.0,0.0,Austria,0.27049907280496654,0.34588406030799,0.38361686688704344,,,,,,,
Argentina,Group J,Algeria,1.0,0.0,0.0,Austria,1.0,0.0,0.0,Jordan,0.7949912638322656,0.13977868375072802,0.06523005241700641,,,,,,,
Australia,Group D,Turkey,1.0,0.0,0.0,USA,0.0,0.0,1.0,Paraguay,0.250272034820457,0.4243743199129489,0.3253536452665941,0.13111192862961207,0.5326422100577991,0.2272606762913276,0.06555596431480604,0.025065515767425838,0.01271981397152953,0.0056438909674998575
Austria,Group J,Jordan,1.0,0.0,0.0,Argentina,0.0,0.0,1.0,Algeria,0.38361686688704344,0.34588406030799,0.27049907280496654,,,,,,,
Belgium,Group G,Egypt,0.0,1.0,0.0,Iran,0.0,1.0,0.0,New Zealand,0.8035714285714286,0.13095238095238096,0.06547619047619048,0.10674734558739583,0.28465958823305554,0.31053773261787876,0.17079575293983335,0.08539787646991667,0.02511702249115196,0.016744681660767972
Bosnia & Herzegovina,Group B,Canada,0.0,1.0,0.0,Switzerland,0.0,0.0,1.0,Qatar,0.6813266041816871,0.18745493871665464,0.13121845710165825,0.29452945474849695,0.4441072406678907,0.18849885103903805,0.04989675468680419,0.016632251562268063,0.0042201235307247325,0.002115323764777235
Brazil,Group C,Morocco,0.0,1.0,0.0,Haiti,1.0,0.0,0.0,Scotland,0.7133105802047781,0.18156996587030716,0.10511945392491466,0.008577146669208044,0.2887639378633375,0.23101115029067,0.1732583627180025,0.115505575145335,0.09625464595444581,0.08662918135900124
Canada,Group B,Bosnia & Herzegovina,0.0,1.0,0.0,Qatar,1.0,0.0,0.0,Switzerland,0.28390367553865653,0.31051964512040564,0.4055766793409379,0.008370333879803018,0.44261974966497625,0.3381614887440419,0.13006211105540072,0.04972963069765322,0.020619602972197677,0.010437082985927217
Cape Verde,Group H,Spain,0.0,1.0,0.0,Uruguay,0.0,1.0,0.0,Saudi Arabia,0.39735099337748336,0.2781456953642384,0.32450331125827814,0.38529475138123354,0.495378966061586,0.08669131906077755,0.021144224161165258,0.0068802634175220275,0.0028801102677999185,0.0017303656499157193
Colombia,Group K,Uzbekistan,1.0,0.0,0.0,DR Congo,0.6314432989690723,0.23625429553264607,0.1323024054982818,Portugal,0.26091567968888096,0.2681633374580166,0.4709209828531024,0.03277716015627748,0.44618123772943163,0.22725497708352385,0.15494657528422082,0.07747328764211041,0.04058124590777211,0.020785516196663766
Croatia,Group L,England,0.0,0.0,1.0,Panama,0.6471716203259827,0.22051773729626076,0.13231064237775647,Ghana,0.5823414845271586,0.2488638822765635,0.16879463319627783,0.28432033863374856,0.3790937848449981,0.19698868727511448,0.0775419105364769,0.032806192919278686,0.020803927217103557,0.008445158573279661
Curaçao,Group E,Germany,0.0,0.0,1.0,Ecuador,0.0,1.0,0.0,Ivory Coast,0.04657534246575343,0.11506849315068494,0.8383561643835616,0.8900323972447768,0.08253027683542477,0.017800647944895536,0.006012139372117036,0.0022639228059592826,0.0009069261190706018,0.0004536896777559582
Czech Republic,Group A,South Korea,0.0,0.0,1.0,South Africa,0.0,1.0,0.0,Mexico,0.24227364497592793,0.2483304861003261,0.5093958689237459,,,,,,,
DR Congo,Group K,Portugal,0.0,1.0,0.0,Colombia,0.1323024054982818,0.23625429553264607,0.6314432989690723,Uzbekistan,0.46296296296296297,0.2592592592592593,0.2777777777777778,,,,,,,
Ecuador,Group E,Ivory Coast,0.0,0.0,1.0,Curaçao,0.0,1.0,0.0,Germany,0.2468354430379747,0.2468354430379747,0.5063291139240507,0.6904756371772888,0.15692628117665655,0.07846314058832828,0.04109974030817195,0.021051086499307585,0.00854549055912486,0.0034386236911219557
Egypt,Group G,Belgium,0.0,1.0,0.0,New Zealand,1.0,0.0,0.0,Iran,0.3968668407310704,0.3472584856396867,0.2558746736292428,0.012753193559608366,0.6103314060669718,0.2441325624267887,0.09494044094375116,0.025131293190992957,0.008460039292017432,0.004251064519869455
England,Group L,Croatia,1.0,0.0,0.0,Ghana,0.8098094565984474,0.13196894848270996,0.05822159491884263,Panama,0.7918781725888325,0.1319796954314721,0.07614213197969544,0.024489651743232983,0.1922974963671874,0.2378994740771204,0.18503292428220475,0.12809971681075716,0.10408101990874018,0.12809971681075716
France,Group I,Senegal,1.0,0.0,0.0,Iraq,1.0,0.0,0.0,Norway,0.5537340619307832,0.24225865209471767,0.20400728597449908,,,,,,,
Germany,Group E,Curaçao,1.0,0.0,0.0,Ivory Coast,1.0,0.0,0.0,Ecuador,0.5063291139240507,0.2468354430379747,0.2468354430379747,,0.19860447782663343,0.390889722267874,0.14332623149822046,0.12285105556990325,0.0781779444535748,0.06615056838379406
Ghana,Group L,Panama,1.0,0.0,0.0,England,0.05822159491884263,0.13196894848270996,0.8098094565984474,Croatia,0.16879463319627783,0.2488638822765635,0.5823414845271586,0.20739640571453744,0.49890357596885954,0.1995614303875438,0.06907895667261132,0.017608361504783277,0.004467793217631577,0.002983476534033047
Haiti,Group C,Scotland,0.0,0.0,1.0,Brazil,0.0,0.0,1.0,Morocco,0.05434782608695652,0.13043478260869565,0.8152173913043479,,,,,,,
Iran,Group G,New Zealand,0.0,1.0,0.0,Belgium,0.0,1.0,0.0,Egypt,0.2558746736292428,0.3472584856396867,0.3968668407310704,0.4039138910625428,0.3769862983250399,0.15422166749660723,0.0498952453665494,0.010471841620139997,0.0028180038911340194,0.001693052237986706
Iraq,Group I,Norway,0.0,0.0,1.0,France,0.0,0.0,1.0,Senegal,0.0757123473541384,0.15875169606512887,0.7655359565807327,,,,,,,
Ivory Coast,Group E,Ecuador,1.0,0.0,0.0,Germany,0.0,0.0,1.0,Curaçao,0.8383561643835616,0.11506849315068494,0.04657534246575343,0.03223882384831001,0.5820898750389306,0.2394884057303029,0.09313438000622891,0.03223882384831001,0.012510588359045675,0.008299103168871884
Japan,Group F,Netherlands,0.0,1.0,0.0,Tunisia,1.0,0.0,0.0,Sweden,0.5020920502092051,0.27196652719665276,0.22594142259414224,0.020934169029041584,0.529815389006608,0.21457523254767621,0.12261441859867213,0.05722006201271366,0.029596583799679478,0.025244145005608967
Jordan,Group J,Austria,0.0,0.0,1.0,Algeria,0.0,0.0,1.0,Argentina,0.06523005241700641,0.13977868375072802,0.7949912638322656,,,,,,,
Mexico,Group A,South Africa,1.0,0.0,0.0,South Korea,1.0,0.0,0.0,Czech Republic,0.5093958689237459,0.2483304861003261,0.24227364497592793,,0.415385850908774,0.3172037406939729,0.15860187034698645,0.05815401912722836,0.033550395650324055,0.017104123272714225
Morocco,Group C,Brazil,0.0,1.0,0.0,Scotland,1.0,0.0,0.0,Haiti,0.8152173913043479,0.13043478260869565,0.05434782608695652,0.008477635144045264,0.4756895275269843,0.22833097321295243,0.1556802090088312,0.06586470381142859,0.04077338807374151,0.025183563222016814
Netherlands,Group F,Japan,0.0,1.0,0.0,Sweden,1.0,0.0,0.0,Tunisia,0.8658512527125665,0.10416255671730124,0.029986190570132173,0.012415294224711063,0.396107006216972,0.2079561782639103,0.17512099222224023,0.09242496811729346,0.06398651638889548,0.051989044565977575
New Zealand,Group G,Iran,0.0,1.0,0.0,Egypt,0.0,0.0,1.0,Belgium,0.06547619047619048,0.13095238095238096,0.8035714285714286,,,,,,,
Norway,Group I,Iraq,1.0,0.0,0.0,Senegal,1.0,0.0,0.0,France,0.20400728597449908,0.24225865209471767,0.5537340619307832,,,,,,,
Panama,Group L,Ghana,0.0,0.0,1.0,Croatia,0.13231064237775647,0.22051773729626076,0.6471716203259827,England,0.07614213197969544,0.1319796954314721,0.7918781725888325,0.8132651933819203,0.11284054558174145,0.04751180866599639,0.017700477738312383,0.005978307050688288,0.001801845039229404,0.0009018225421118198
Paraguay,Group D,USA,0.0,0.0,1.0,Turkey,1.0,0.0,0.0,Australia,0.3253536452665941,0.4243743199129489,0.250272034820457,0.11403355605908587,0.5701677802954294,0.21381291761078602,0.065788590034088,0.025154460895386588,0.006787711670183683,0.004254983435040518
Portugal,Group K,DR Congo,0.0,1.0,0.0,Uzbekistan,0.8365999147848318,0.11631870472944185,0.04708138048572646,Colombia,0.4709209828531024,0.2681633374580166,0.26091567968888096,0.055699658703071676,0.24573378839590446,0.2227986348122867,0.16709897610921504,0.11139931740614335,0.10443686006825939,0.09283276450511944
Qatar,Group B,Switzerland,0.0,1.0,0.0,Canada,0.0,0.0,1.0,Bosnia & Herzegovina,0.13121845710165825,0.18745493871665464,0.6813266041816871,0.8443801887501212,0.11293585024532872,0.0311547173090562,0.007170530174306585,0.0022530842941711465,0.0012030450092711449,0.0009025842177448848
Saudi Arabia,Group H,Uruguay,0.0,1.0,0.0,Spain,0.0,0.0,1.0,Cape Verde,0.32450331125827814,0.2781456953642384,0.39735099337748336,0.633242174875339,0.26498749471706495,0.07176744648587174,0.02100510628854783,0.005703373230665305,0.0021476542589288303,0.0011467501435825048
Scotland,Group C,Haiti,1.0,0.0,0.0,Morocco,0.0,0.0,1.0,Brazil,0.10511945392491466,0.18156996587030716,0.7133105802047781,0.2954515044341637,0.4649728594373723,0.15470915141279845,0.0500529607511995,0.02075366665293638,0.008424755770003876,0.005635101541525771
Senegal,Group I,France,0.0,0.0,1.0,Norway,0.0,0.0,1.0,Iraq,0.7655359565807327,0.15875169606512887,0.0757123473541384,,,,,,,
South Africa,Group A,Mexico,0.0,0.0,1.0,Czech Republic,0.0,1.0,0.0,South Korea,0.1695218614165175,0.2521094349271286,0.5783687036563538,0.7726657940841607,0.15874769951183665,0.045953281437636925,0.017119849947354934,0.003478535248267337,0.0011625996635354218,0.0008722401072078938
South Korea,Group A,Czech Republic,1.0,0.0,0.0,Mexico,0.0,0.0,1.0,South Africa,0.5783687036563538,0.2521094349271286,0.1695218614165175,0.08555180156557886,0.49451908419409746,0.28517267188526285,0.09505755729508761,0.02950062122950995,0.006789825521077686,0.0034084383093856115
Spain,Group H,Cape Verde,0.0,1.0,0.0,Saudi Arabia,1.0,0.0,0.0,Uruguay,0.6408450704225352,0.22183098591549294,0.13732394366197184,0.00834757721508924,0.2107763246810033,0.2107763246810033,0.16862105974480265,0.14051754978733552,0.12044361410343045,0.14051754978733552
Sweden,Group F,Tunisia,1.0,0.0,0.0,Netherlands,0.0,0.0,1.0,Japan,0.22594142259414224,0.27196652719665276,0.5020920502092051,0.09242493448667946,0.5776558405417467,0.18484986897335892,0.09242493448667946,0.031993246553081355,0.012415289707165898,0.00823588525128827
Switzerland,Group B,Qatar,0.0,1.0,0.0,Bosnia & Herzegovina,1.0,0.0,0.0,Canada,0.4055766793409379,0.31051964512040564,0.28390367553865653,0.008427707852895991,0.37831044139666453,0.3404793972569981,0.17023969862849905,0.05674656620949968,0.025035249798308682,0.02076093885713403
Tunisia,Group F,Sweden,0.0,0.0,1.0,Japan,0.0,0.0,1.0,Netherlands,0.029986190570132173,0.10416255671730124,0.8658512527125665,,,,,,,
Turkey,Group D,Australia,0.0,0.0,1.0,Paraguay,0.0,0.0,1.0,USA,0.2605719872891713,0.2383280371547299,0.5010999755560988,,,,,,,
USA,Group D,Paraguay,1.0,0.0,0.0,Australia,1.0,0.0,0.0,Turkey,0.5010999755560988,0.2383280371547299,0.2605719872891713,,0.3160129802491887,0.2844116822242699,0.21330876166820242,0.10665438083410121,0.05019029686310645,0.029421898161131367
Uruguay,Group H,Saudi Arabia,0.0,1.0,0.0,Cape Verde,0.0,1.0,0.0,Spain,0.13732394366197184,0.22183098591549294,0.6408450704225352,0.539605518017201,0.23125950772165757,0.12452435031166179,0.06226217515583089,0.02791063024226902,0.006423875214490489,0.008013943336889125
Uzbekistan,Group K,Colombia,0.0,0.0,1.0,Portugal,0.04708138048572646,0.11631870472944185,0.8365999147848318,DR Congo,0.2777777777777778,0.2592592592592593,0.46296296296296297,0.7547620081948464,0.16055846356144912,0.05887143663919801,0.017315128423293535,0.005848155957536226,0.0017626178634490423,0.0008821893602277424
